Id,IsActive
01tHu00000XiHEAIA3,true
01tHu00000XiHEBIA3,true
01tHu00000XiHECIA3,true
01tHu00000XiHEDIA3,true
01tHu00000XiHEEIA3,true
01tHu00000XiHEFIA3,true
01tHu00000XiHEHIA3,true
01tHu00000XiHEGIA3,true
01tHu00000XiHEIIA3,true
01tHu00000XiHEJIA3,true
01tHu00000XiHELIA3,true
01tHu00000XiHEKIA3,true
01tHu00000XiHENIA3,true
01tHu00000XiHEMIA3,true
01tHu00000XiHEOIA3,true
01tHu00000XiHEPIA3,true
01tHu00000XiHEQIA3,true
01tHu00000XiHERIA3,true
01tHu00000XiHESIA3,true
01tHu00000XiHETIA3,true
01tHu00000XiHEUIA3,true
01tHu00000XiHEVIA3,true
01tHu00000XiHEWIA3,true
01tHu00000XiHEXIA3,true
01tHu00000XiHEYIA3,true
01tHu00000XiHEZIA3,true
01tHu00000XiHEaIAN,true
01tHu00000XiHEbIAN,true
01tHu00000XiHEcIAN,true
01tHu00000XiHEdIAN,true
01tHu00000XiHEeIAN,true
01tHu00000XiHEfIAN,true
01tHu00000XiHEgIAN,true
01tHu00000XiHEhIAN,true
01tHu00000XiHEkIAN,false
01tHu00000XiHEoIAN,true
01tHu00000XiHEjIAN,true
01tHu00000XiHElIAN,false
01tHu00000XiHEiIAN,false
01tHu00000XiHEnIAN,true
01tHu00000XiHEpIAN,true
01tHu00000XiHEmIAN,true
01tHu00000XiHEqIAN,true
01tHu00000XiHErIAN,true
01tHu00000XiHEsIAN,true
01tHu00000XiHEtIAN,true
01tHu00000XiHEuIAN,true
01tHu00000XiHEyIAN,true
01tHu00000XiHEvIAN,true
01tHu00000XiHEwIAN,true
01tHu00000XiHExIAN,true
01tHu00000XiHEzIAN,true
01tHu00000XiHF0IAN,true
01tHu00000XiHF1IAN,true
01tHu00000XiHDCIA3,true
01tHu00000XiHDDIA3,true
01tHu00000XiHDEIA3,true
01tHu00000XiHDFIA3,true
01tHu00000XiHDGIA3,true
01tHu00000XiHDHIA3,false
01tHu00000XiHCxIAN,true
01tHu00000XiHCyIAN,true
01tHu00000XiHCzIAN,true
01tHu00000XiHD0IAN,true
01tHu00000XiHD1IAN,true
01tHu00000XiHD2IAN,true
01tHu00000XiHD3IAN,true
01tHu00000XiHD4IAN,true
01tHu00000XiHD5IAN,true
01tHu00000XiHD6IAN,true
01tHu00000XiHD7IAN,true
01tHu00000XiHD8IAN,true
01tHu00000XiHD9IAN,true
01tHu00000XiHDAIA3,true
01tHu00000XiHDBIA3,true
01tHu00000XiHDIIA3,true
01tHu00000XiHDJIA3,false
01tHu00000XiHDKIA3,true
01tHu00000XiHDLIA3,true
01tHu00000XiHDMIA3,true
01tHu00000XiHDNIA3,true
01tHu00000XiHDOIA3,true
01tHu00000XiHDPIA3,true
01tHu00000XiHDQIA3,true
01tHu00000XiHDRIA3,true
01tHu00000XiHDSIA3,true
01tHu00000XiHDTIA3,true
01tHu00000XiHDUIA3,true
01tHu00000XiHDVIA3,true
01tHu00000XiHDWIA3,true
01tHu00000XiHDXIA3,true
01tHu00000XiHDYIA3,true
01tHu00000XiHDZIA3,true
01tHu00000XiHDaIAN,true
01tHu00000XiHDbIAN,true
01tHu00000XiHDcIAN,true
01tHu00000XiHDdIAN,false
01tHu00000XiHDeIAN,false
01tHu00000XiHDfIAN,false
01tHu00000XiHDgIAN,true
01tHu00000XiHDhIAN,true
01tHu00000XiHDiIAN,false
01tHu00000XiHDjIAN,true
01tHu00000XiHDkIAN,false
01tHu00000XiHDlIAN,true
01tHu00000XiHDmIAN,true
01tHu00000XiHDnIAN,true
01tHu00000XiHDoIAN,true
01tHu00000XiHDpIAN,true
01tHu00000XiHDqIAN,true
01tHu00000XiHDrIAN,false
01tHu00000XiHDsIAN,false
01tHu00000XiHDtIAN,true
01tHu00000XiHDuIAN,true
01tHu00000XiHDvIAN,true
01tHu00000XiHDwIAN,true
01tHu00000XiHDxIAN,true
01tHu00000XiHDyIAN,true
01tHu00000XiHDzIAN,true
01tHu00000XiHE0IAN,true
01tHu00000XiHE1IAN,true
01tHu00000XiHE2IAN,true
01tHu00000XiHE3IAN,true
01tHu00000XiHE4IAN,true
01tHu00000XiHE5IAN,true
01tHu00000XiHE6IAN,true
01tHu00000XiHE7IAN,true
01tHu00000XiHE8IAN,true
01tHu00000XiHE9IAN,true
01tHu00000Y6EyJIAV,true
